,APN,BA>75 All Slopes,BA>75 & S>30,BA>75 & 30>S>15,BA>75 & S<15,"BA<75,BA>50  and S>30","BA<75,BA>50  and 30>S>15","BA<75,BA>50 and S<15","BA<50,BA>25 and S>30","BA<50,BA>25 and 30>S>15","BA<50,BA>25 and S<15",BA<25 and S>30,BA<25 and 30>S>15,BA<25 and S<15
0,011010003,6000.04,176.88,1653.92,4169.24,53.74,208.15,410.55,53.55,175.08,352.77,155.31,371.1,820.79
1,011060001,4560.7,45.77,904.11,3610.82,2.33,35.62,202.55,2.94,29.59,153.02,26.48,62.54,284.42
2,Warner_Watershed,3689.58,541.01,1392.33,1756.24,107.6,235.35,435.05,120.97,262.03,507.3,482.28,1252.62,2313.14
3,011020001,3670.5,356.05,1363.5,1950.95,53.6,118.49,129.46,58.23,128.7,140.47,130.04,435.8,447.07
4,011100025,2738.8900000000003,70.68,351.43,2316.78,4.2,29.36,117.22,5.43,24.51,96.8,135.23,392.23,1703.86
5,011020003,1565.1399999999999,34.91,527.16,1003.07,4.94,39.73,66.05,11.18,46.33,64.74,89.97,196.26,175.43
6,011060002,997.78,128.63,461.41,407.74,26.42,139.22,174.17,31.0,174.55,225.5,108.01,790.11,1269.97
7,011060017,355.28999999999996,45.87,64.14,245.28,5.67,11.97,54.24,5.07,13.4,50.37,4.65,67.73,261.49
8,011010001,188.78,25.42,84.88,78.48,7.95,20.61,30.24,8.48,22.91,35.0,24.02,77.84,148.37
9,011020002,178.29000000000002,24.8,108.32,45.17,8.92,42.55,22.44,12.76,49.8,28.18,108.71,289.57,219.45
10,011100008,150.67000000000002,0.62,9.19,140.86,0.0,0.12,4.47,0.0,0.0,0.67,0.0,0.0,0.0
11,011100007,118.54,1.55,19.06,97.93,0.26,1.84,13.43,0.49,2.12,12.54,0.85,2.88,12.39
12,011160006,49.56999999999999,4.08,27.68,17.81,0.02,2.69,2.32,0.19,3.2,3.85,0.9,13.94,11.02
13,011130021,14.520000000000001,0.02,1.04,13.46,0.0,0.58,3.54,0.0,0.52,3.68,0.0,1.23,13.31
14,011130022,13.25,0.01,0.32,12.92,0.01,0.42,8.16,0.04,0.42,12.23,0.12,2.05,58.34
15,011200021,13.219999999999999,0.57,3.39,9.26,0.91,2.45,3.82,2.16,3.94,4.49,8.38,13.93,5.22
16,011130016,11.56,0.77,4.87,5.92,0.8,3.24,2.38,0.64,3.13,3.34,9.21,37.41,56.17
17,011160007,11.09,0.0,0.04,11.05,0.0,0.27,23.71,0.01,0.19,44.62,1.15,6.07,196.89
18,011130020,10.87,0.0,0.19,10.68,0.01,0.46,9.36,0.01,0.64,9.93,0.05,0.98,14.17
19,011200022,10.860000000000001,0.0,0.23,10.63,0.0,0.03,3.93,0.0,0.04,3.53,0.0,0.0,3.05
20,011130013,10.67,0.0,0.02,10.65,0.0,0.0,5.47,0.0,0.0,5.77,0.01,0.1,19.23
21,011130004,10.15,0.04,1.7,8.41,0.0,0.15,0.37,0.0,0.04,0.33,0.0,0.0,0.0
22,011130010,5.9399999999999995,0.03,0.41,5.5,0.0,0.03,0.78,0.0,0.01,0.73,0.0,0.0,0.0
23,011130015,5.4399999999999995,0.0,1.13,4.31,0.26,1.86,5.25,0.28,1.54,3.22,2.24,8.32,34.01
24,011200009,5.4,0.0,0.11,5.29,0.0,0.02,11.99,0.07,0.35,22.99,12.62,22.72,252.24
25,011130019,4.66,0.0,0.0,4.66,0.0,0.06,5.41,0.0,0.15,8.14,0.01,0.45,32.94
26,011210011,3.61,0.0,0.0,3.61,0.0,0.0,0.02,0.0,0.0,0.0,0.0,0.0,0.0
27,011210012,3.1,0.0,0.0,3.1,0.0,0.0,0.11,0.0,0.0,0.0,0.0,0.0,0.0
28,011160010,3.0,2.08,0.3,0.62,0.75,2.67,1.09,2.1,3.17,2.16,17.98,21.93,2.42
29,011130018,2.94,0.0,0.42,2.52,0.0,0.15,1.63,0.01,0.23,5.52,0.08,0.7,20.58
30,011210013,2.9,0.0,0.0,2.9,0.0,0.01,0.52,0.0,0.0,0.13,0.0,0.0,0.0
31,011210010,2.76,0.0,0.0,2.76,0.0,0.0,0.1,0.0,0.0,0.09,0.0,0.0,0.0
32,011210008,2.31,0.0,0.07,2.24,0.0,0.0,0.41,0.0,0.0,0.0,0.0,0.0,0.0
33,011200ROW,2.0300000000000002,0.0,0.16,1.87,0.02,0.04,0.74,0.04,0.16,0.88,0.0,0.0,0.34
34,011200ROW,2.0300000000000002,0.0,0.16,1.87,0.02,0.04,0.74,0.04,0.16,0.88,0.0,0.0,0.34
35,011210009,1.83,0.0,0.0,1.83,0.0,0.0,0.44,0.0,0.0,0.58,0.0,0.0,0.0
36,011210004,1.81,0.04,0.68,1.09,0.12,0.96,0.38,0.12,0.46,0.24,0.0,0.0,0.0
37,011210007,1.6,0.0,0.1,1.5,0.0,0.01,0.93,0.0,0.0,0.32,0.0,0.0,0.0
38,011170002,1.53,0.04,0.49,1.0,0.0,0.03,0.02,0.0,0.0,0.0,0.0,0.0,0.0
39,011210003,1.4700000000000002,0.01,0.37,1.09,0.05,0.36,1.23,0.05,0.29,1.56,0.07,0.41,5.34
40,011210ROW,1.1800000000000002,0.0,0.07,1.11,0.04,0.07,1.35,0.0,0.01,0.84,0.0,0.02,0.52
41,011130006,0.92,0.0,0.01,0.91,0.0,0.0,0.01,0.0,0.0,0.0,0.0,0.0,0.0
42,011210006,0.9099999999999999,0.0,0.06,0.85,0.0,0.01,0.95,0.0,0.0,0.61,0.0,0.08,0.29
43,011130011,0.87,0.0,0.0,0.87,0.0,0.0,0.0,0.0,0.0,0.0,0.0,0.0,0.0
44,011210021,0.81,0.0,0.01,0.8,0.01,0.08,0.2,0.0,0.13,0.13,0.0,0.05,1.97
45,011254005,0.7,0.13,0.12,0.45,0.0,0.0,0.31,0.01,0.0,0.02,0.0,0.0,0.0
46,011210017,0.68,0.0,0.0,0.68,0.0,0.0,1.07,0.0,0.0,1.02,0.0,0.0,0.48
47,011130007,0.68,0.0,0.0,0.68,0.0,0.0,1.19,0.0,0.0,1.22,0.0,0.15,16.48
48,011281007,0.66,0.02,0.36,0.28,0.0,0.03,0.17,0.0,0.01,0.09,0.0,0.0,0.0
49,011170001,0.66,0.02,0.39,0.25,0.0,0.0,0.0,0.0,0.0,0.0,0.0,0.0,0.0
50,011254004,0.63,0.03,0.07,0.53,0.01,0.2,0.18,0.02,0.14,0.17,0.0,0.01,0.14
51,011210018,0.58,0.0,0.0,0.58,0.0,0.02,0.91,0.0,0.0,1.38,0.0,0.0,0.02
52,011221001,0.56,0.0,0.0,0.56,0.0,0.0,0.03,0.0,0.0,0.0,0.0,0.0,0.0
53,011210005,0.52,0.0,0.16,0.36,0.0,0.12,0.37,0.0,0.32,0.64,0.0,0.06,0.89
54,011200006,0.44,0.0,0.0,0.44,0.0,0.0,1.43,0.0,0.0,1.98,0.0,0.0,6.03
55,011252002,0.43,0.0,0.0,0.43,0.0,0.0,0.0,0.0,0.0,0.1,0.0,0.0,0.0
56,011262006,0.43,0.02,0.22,0.19,0.0,0.17,0.26,0.01,0.05,0.09,0.0,0.0,0.0
57,011180013,0.39999999999999997,0.03,0.3,0.07,0.0,0.0,0.0,0.0,0.0,0.0,0.0,0.0,0.0
58,011180014,0.35,0.01,0.21,0.13,0.0,0.0,0.02,0.02,0.1,0.03,0.0,0.0,0.0
59,011223001,0.33,0.0,0.0,0.33,0.0,0.0,0.16,0.0,0.0,0.0,0.0,0.0,0.0
60,011200007,0.32,0.0,0.0,0.32,0.2,0.11,0.13,0.39,0.33,0.28,0.68,0.15,1.09
61,011222001,0.31,0.0,0.0,0.31,0.0,0.0,0.06,0.0,0.0,0.0,0.0,0.0,0.0
62,011252003,0.31,0.0,0.0,0.31,0.0,0.0,0.08,0.0,0.0,0.15,0.0,0.0,0.0
63,011200012,0.25,0.0,0.05,0.2,0.01,0.14,1.22,0.88,1.23,1.34,0.91,3.24,10.61
64,011222012,0.25,0.0,0.1,0.15,0.0,0.01,0.09,0.02,0.07,0.11,0.0,0.0,0.09
65,011220ROW,0.24,0.0,0.0,0.24,0.0,0.04,0.61,0.0,0.03,0.72,0.0,0.01,0.88
66,011200008,0.23,0.0,0.0,0.23,0.29,0.18,0.05,0.31,0.18,0.99,0.62,0.14,1.69
67,011170003,0.23,0.0,0.1,0.13,0.01,0.22,0.04,0.0,0.01,0.0,0.0,0.0,0.0
68,011180004,0.21,0.0,0.15,0.06,0.0,0.2,0.09,0.0,0.0,0.0,0.0,0.0,0.0
69,011222006,0.19999999999999998,0.0,0.02,0.18,0.0,0.0,0.26,0.0,0.07,0.37,0.0,0.0,0.0
70,011243006,0.17,0.0,0.0,0.17,0.0,0.0,0.38,0.0,0.0,0.07,0.0,0.0,0.13
71,011254003,0.15000000000000002,0.0,0.01,0.14,0.02,0.04,0.92,0.02,0.02,0.03,0.0,0.0,0.0
72,011262005,0.15000000000000002,0.0,0.01,0.14,0.0,0.02,0.04,0.02,0.14,0.27,0.01,0.06,0.03
73,011180007,0.14,0.0,0.1,0.04,0.0,0.07,0.18,0.0,0.0,0.0,0.0,0.0,0.0
74,011252006,0.13,0.0,0.0,0.13,0.0,0.0,0.3,0.0,0.0,0.0,0.0,0.0,0.0
75,011222003,0.11,0.0,0.0,0.11,0.0,0.0,0.29,0.0,0.0,0.0,0.0,0.0,0.0
76,011222004,0.11,0.0,0.0,0.11,0.0,0.0,0.23,0.0,0.0,0.09,0.0,0.0,0.0
77,011222015,0.1,0.0,0.0,0.1,0.1,0.1,0.42,0.0,0.0,0.01,0.03,0.05,0.28
78,011252001,0.1,0.0,0.0,0.1,0.0,0.02,0.28,0.0,0.0,0.02,0.0,0.01,0.03
79,011252004,0.1,0.0,0.0,0.1,0.0,0.0,0.31,0.0,0.0,0.04,0.0,0.0,0.0
80,011222013,0.09,0.0,0.06,0.03,0.0,0.1,0.26,0.0,0.0,0.01,0.0,0.01,0.19
81,011254002,0.07,0.0,0.0,0.07,0.0,0.0,0.65,0.0,0.0,0.08,0.0,0.0,0.0
82,011252007,0.06,0.0,0.0,0.06,0.0,0.0,0.48,0.0,0.0,0.0,0.0,0.0,0.0
83,011150019,0.06,0.0,0.0,0.06,0.0,0.0,0.05,0.0,0.0,0.13,0.0,0.0,0.16
84,011180010,0.05,0.0,0.0,0.05,0.0,0.02,0.21,0.0,0.0,0.01,0.0,0.0,0.0
85,011180009,0.05,0.0,0.03,0.02,0.0,0.09,0.12,0.0,0.0,0.0,0.0,0.0,0.0
86,011180006,0.05,0.0,0.01,0.04,0.0,0.01,0.15,0.0,0.02,0.16,0.0,0.0,0.0
87,011150018,0.04,0.0,0.0,0.04,0.0,0.0,0.08,0.0,0.0,0.03,0.0,0.0,0.07
88,011252008,0.04,0.0,0.0,0.04,0.0,0.0,0.48,0.0,0.0,0.0,0.0,0.0,0.0
89,011254006,0.04,0.0,0.0,0.04,0.0,0.01,0.28,0.07,0.1,0.23,0.0,0.0,0.0
90,011180008,0.04,0.0,0.03,0.01,0.0,0.18,0.14,0.0,0.0,0.01,0.0,0.0,0.0
91,011250ROW,0.04,0.0,0.0,0.04,0.0,0.04,1.17,0.02,0.07,1.08,0.0,0.0,0.48
92,011140002,0.03,0.0,0.0,0.03,0.0,0.0,0.19,0.0,0.0,0.12,0.0,0.0,0.0
93,011222002,0.03,0.0,0.0,0.03,0.0,0.0,0.4,0.0,0.0,0.0,0.0,0.0,0.0
94,011260ROW,0.02,0.0,0.0,0.02,0.0,0.0,0.07,0.03,0.17,0.44,0.07,0.23,0.4
95,011180011,0.02,0.0,0.0,0.02,0.0,0.0,0.02,0.0,0.01,0.25,0.0,0.0,0.0
96,011223002,0.01,0.0,0.0,0.01,0.0,0.0,0.24,0.0,0.0,0.14,0.0,0.0,0.02
97,011281006,0.01,0.0,0.01,0.0,0.0,0.03,0.13,0.03,0.2,0.28,0.0,0.0,0.08
98,011242002,0.0,0.0,0.0,0.0,0.0,0.0,0.0,0.0,0.0,0.0,0.0,0.0,0.38
99,011290014,0.0,0.0,0.0,0.0,0.0,0.0,0.0,0.0,0.0,0.0,0.0,0.0,1.57
100,011241002,0.0,0.0,0.0,0.0,0.0,0.0,0.0,0.0,0.0,0.09,0.0,0.0,0.55
101,011241001,0.0,0.0,0.0,0.0,0.0,0.0,0.0,0.0,0.0,0.02,0.0,0.0,0.56
102,011240ROW,0.0,0.0,0.0,0.0,0.0,0.0,0.03,0.0,0.0,0.03,0.0,0.09,1.03
103,011240ROW,0.0,0.0,0.0,0.0,0.0,0.0,0.03,0.0,0.0,0.03,0.0,0.09,1.03
104,011233007,0.0,0.0,0.0,0.0,0.0,0.0,0.0,0.0,0.0,0.0,0.0,0.0,0.71
105,011241003,0.0,0.0,0.0,0.0,0.0,0.0,0.0,0.0,0.0,0.09,0.0,0.01,0.56
106,011251001,0.0,0.0,0.0,0.0,0.0,0.0,0.0,0.0,0.0,0.01,0.0,0.0,0.42
107,011251003,0.0,0.0,0.0,0.0,0.0,0.0,0.02,0.0,0.0,0.33,0.0,0.0,0.23
108,011251002,0.0,0.0,0.0,0.0,0.0,0.0,0.0,0.0,0.0,0.07,0.0,0.0,0.49
109,011242004,0.0,0.0,0.0,0.0,0.0,0.0,0.0,0.0,0.0,0.0,0.0,0.0,0.47
110,011242005,0.0,0.0,0.0,0.0,0.0,0.0,0.0,0.0,0.0,0.0,0.0,0.0,0.58
111,011242006,0.0,0.0,0.0,0.0,0.0,0.0,0.0,0.0,0.0,0.0,0.0,0.0,0.53
112,011242007,0.0,0.0,0.0,0.0,0.0,0.0,0.0,0.0,0.0,0.0,0.0,0.02,0.65
113,011242008,0.0,0.0,0.0,0.0,0.0,0.0,0.0,0.0,0.0,0.0,0.0,0.01,0.53
114,011242001,0.0,0.0,0.0,0.0,0.0,0.0,0.0,0.0,0.0,0.0,0.0,0.0,0.42
115,011241007,0.0,0.0,0.0,0.0,0.0,0.0,0.0,0.0,0.0,0.0,0.0,0.0,0.45
116,011241006,0.0,0.0,0.0,0.0,0.0,0.0,0.0,0.0,0.0,0.0,0.0,0.01,0.47
117,011242009,0.0,0.0,0.0,0.0,0.0,0.0,0.0,0.0,0.0,0.0,0.0,0.0,0.63
118,011242010,0.0,0.0,0.0,0.0,0.0,0.0,0.0,0.0,0.0,0.0,0.0,0.0,0.76
119,011241005,0.0,0.0,0.0,0.0,0.0,0.0,0.0,0.0,0.0,0.0,0.0,0.0,0.52
120,011242011,0.0,0.0,0.0,0.0,0.0,0.0,0.0,0.0,0.0,0.0,0.0,0.0,0.85
121,011243001,0.0,0.0,0.0,0.0,0.0,0.0,0.0,0.0,0.0,0.14,0.0,0.0,0.38
122,011243002,0.0,0.0,0.0,0.0,0.0,0.0,0.2,0.0,0.0,0.27,0.0,0.0,0.09
123,011243003,0.0,0.0,0.0,0.0,0.0,0.0,0.02,0.0,0.0,0.3,0.0,0.0,0.23
124,011243004,0.0,0.0,0.0,0.0,0.0,0.0,0.0,0.0,0.0,0.1,0.0,0.0,0.49
125,011243005,0.0,0.0,0.0,0.0,0.0,0.0,0.05,0.0,0.0,0.46,0.0,0.0,0.16
126,011241004,0.0,0.0,0.0,0.0,0.0,0.0,0.0,0.0,0.0,0.0,0.0,0.02,0.54
127,011242003,0.0,0.0,0.0,0.0,0.0,0.0,0.0,0.0,0.0,0.0,0.0,0.0,0.43
128,011281003,0.0,0.0,0.0,0.0,0.02,0.03,0.28,0.06,0.06,0.05,0.0,0.02,0.26
129,011290008,0.0,0.0,0.0,0.0,0.0,0.0,0.0,0.0,0.0,0.0,0.51,0.47,0.43
130,011290013,0.0,0.0,0.0,0.0,0.0,0.0,0.0,0.0,0.0,0.0,0.0,0.0,1.72
131,011261005,0.0,0.0,0.0,0.0,0.0,0.0,0.0,0.0,0.0,0.0,0.0,0.0,0.58
132,011233005,0.0,0.0,0.0,0.0,0.0,0.0,0.0,0.0,0.0,0.0,0.0,0.0,0.51
133,011254007,0.0,0.0,0.0,0.0,0.0,0.03,0.08,0.01,0.12,0.33,0.0,0.05,0.02
134,011254008,0.0,0.0,0.0,0.0,0.0,0.0,0.0,0.0,0.08,0.26,0.0,0.12,0.15
135,011254009,0.0,0.0,0.0,0.0,0.0,0.0,0.0,0.0,0.11,0.13,0.0,0.1,0.29
136,011261001,0.0,0.0,0.0,0.0,0.0,0.0,0.0,0.0,0.0,0.0,0.0,0.08,0.33
137,011261002,0.0,0.0,0.0,0.0,0.0,0.0,0.0,0.0,0.0,0.0,0.0,0.0,0.4
138,011261003,0.0,0.0,0.0,0.0,0.0,0.0,0.0,0.0,0.0,0.01,0.0,0.01,0.38
139,011261004,0.0,0.0,0.0,0.0,0.0,0.0,0.0,0.0,0.01,0.2,0.0,0.0,0.42
140,011261006,0.0,0.0,0.0,0.0,0.0,0.0,0.03,0.0,0.0,0.0,0.0,0.0,0.69
141,011252005,0.0,0.0,0.0,0.0,0.0,0.0,0.35,0.0,0.0,0.1,0.0,0.0,0.0
142,011262001,0.0,0.0,0.0,0.0,0.0,0.03,0.07,0.0,0.03,0.24,0.0,0.03,0.14
143,011262004,0.0,0.0,0.0,0.0,0.0,0.05,0.18,0.0,0.07,0.25,0.0,0.0,0.0
144,011262007,0.0,0.0,0.0,0.0,0.0,0.01,0.58,0.01,0.1,0.32,0.0,0.01,0.01
145,011280ROW,0.0,0.0,0.0,0.0,0.0,0.0,0.26,0.0,0.0,0.31,0.0,0.0,0.39
146,011281005,0.0,0.0,0.0,0.0,0.0,0.0,0.0,0.03,0.1,0.31,0.04,0.07,0.27
147,011281004,0.0,0.0,0.0,0.0,0.0,0.01,0.16,0.06,0.05,0.25,0.04,0.05,0.22
148,011281001,0.0,0.0,0.0,0.0,0.07,0.1,0.29,0.0,0.0,0.03,0.0,0.01,0.3
149,011281002,0.0,0.0,0.0,0.0,0.08,0.14,0.23,0.0,0.0,0.04,0.0,0.03,0.19
150,011282001,0.0,0.0,0.0,0.0,0.0,0.0,0.05,0.0,0.0,0.0,0.0,0.0,0.47
151,011254001,0.0,0.0,0.0,0.0,0.0,0.0,0.33,0.0,0.0,0.51,0.0,0.0,0.05
152,011253002,0.0,0.0,0.0,0.0,0.0,0.0,0.06,0.0,0.0,0.35,0.0,0.0,0.83
153,011253001,0.0,0.0,0.0,0.0,0.0,0.0,0.02,0.0,0.0,0.16,0.0,0.0,0.57
154,011290012,0.0,0.0,0.0,0.0,0.0,0.0,0.0,0.0,0.0,0.01,0.0,0.0,1.29
155,011252009,0.0,0.0,0.0,0.0,0.0,0.0,0.54,0.0,0.0,0.0,0.0,0.0,0.0
156,011290011,0.0,0.0,0.0,0.0,0.0,0.0,0.0,0.0,0.0,0.28,0.0,0.0,0.5
157,011290009,0.0,0.0,0.0,0.0,0.0,0.0,0.0,0.0,0.0,0.0,0.69,0.5,0.25
158,011290007,0.0,0.0,0.0,0.0,0.0,0.0,0.0,0.0,0.0,0.0,0.52,0.35,0.36
159,011290006,0.0,0.0,0.0,0.0,0.0,0.0,0.0,0.0,0.0,0.0,0.49,0.24,0.8
160,011290005,0.0,0.0,0.0,0.0,0.0,0.0,0.0,0.0,0.0,0.0,0.55,0.88,0.85
161,011290004,0.0,0.0,0.0,0.0,0.0,0.0,0.0,0.0,0.0,0.0,0.06,0.78,0.69
162,011290003,0.0,0.0,0.0,0.0,0.0,0.0,0.0,0.0,0.0,0.0,0.01,0.67,0.74
163,011290002,0.0,0.0,0.0,0.0,0.0,0.0,0.0,0.0,0.0,0.0,0.0,0.54,0.64
164,011290001,0.0,0.0,0.0,0.0,0.0,0.0,0.0,0.0,0.0,0.0,0.0,0.28,0.63
165,011282005,0.0,0.0,0.0,0.0,0.0,0.0,0.0,0.0,0.0,0.08,0.0,0.0,0.53
166,011282004,0.0,0.0,0.0,0.0,0.0,0.0,0.0,0.0,0.0,0.03,0.0,0.0,0.49
167,011282003,0.0,0.0,0.0,0.0,0.0,0.0,0.0,0.0,0.0,0.0,0.0,0.0,0.52
168,011282002,0.0,0.0,0.0,0.0,0.0,0.0,0.0,0.0,0.0,0.0,0.0,0.0,0.55
169,011252010,0.0,0.0,0.0,0.0,0.0,0.0,0.37,0.0,0.0,0.08,0.0,0.0,0.0
170,011252011,0.0,0.0,0.0,0.0,0.0,0.0,0.0,0.0,0.03,0.29,0.0,0.01,0.08
171,011233006,0.0,0.0,0.0,0.0,0.0,0.0,0.0,0.0,0.0,0.0,0.0,0.0,0.61
172,011222009,0.0,0.0,0.0,0.0,0.0,0.18,0.19,0.0,0.05,0.02,0.01,0.03,0.12
173,011233004,0.0,0.0,0.0,0.0,0.0,0.0,0.0,0.0,0.0,0.0,0.0,0.0,0.45
174,011190002,0.0,0.0,0.0,0.0,0.0,0.0,0.0,0.0,0.0,0.0,0.02,0.18,1.77
175,011160ROW,0.0,0.0,0.0,0.0,0.0,0.0,0.0,0.0,0.0,0.0,0.0,0.04,0.5
176,011170004,0.0,0.0,0.0,0.0,0.0,0.1,0.13,0.0,0.04,0.07,0.0,0.0,0.0
177,011180001,0.0,0.0,0.0,0.0,0.0,0.01,0.21,0.0,0.01,0.21,0.0,0.0,0.0
178,011180002,0.0,0.0,0.0,0.0,0.0,0.08,0.26,0.0,0.0,0.1,0.0,0.0,0.0
179,011180003,0.0,0.0,0.0,0.0,0.0,0.0,0.02,0.0,0.02,0.03,0.0,0.0,0.0
180,011180012,0.0,0.0,0.0,0.0,0.0,0.0,0.0,0.0,0.0,0.14,0.0,0.0,0.23
181,011180015,0.0,0.0,0.0,0.0,0.0,0.01,0.0,0.0,0.02,0.02,0.0,0.28,0.18
182,011180016,0.0,0.0,0.0,0.0,0.0,0.0,0.0,0.0,0.0,0.0,0.01,0.15,0.38
183,011190001,0.0,0.0,0.0,0.0,0.0,0.0,0.0,0.0,0.0,0.0,0.0,0.0,1.61
184,011190003,0.0,0.0,0.0,0.0,0.0,0.0,0.0,0.0,0.0,0.0,0.0,0.01,0.18
185,011150020,0.0,0.0,0.0,0.0,0.0,0.0,0.0,0.0,0.0,0.0,0.0,0.0,0.47
186,011190004,0.0,0.0,0.0,0.0,0.0,0.0,0.0,0.0,0.0,0.0,0.0,0.04,0.66
187,011190005,0.0,0.0,0.0,0.0,0.0,0.0,0.0,0.0,0.0,0.0,0.0,0.16,0.68
188,011190006,0.0,0.0,0.0,0.0,0.0,0.0,0.0,0.0,0.0,0.0,0.0,0.07,0.6
189,011190007,0.0,0.0,0.0,0.0,0.0,0.0,0.0,0.0,0.0,0.0,0.0,0.01,0.54
190,011190008,0.0,0.0,0.0,0.0,0.0,0.0,0.0,0.0,0.0,0.0,0.0,0.02,0.44
191,011190009,0.0,0.0,0.0,0.0,0.0,0.0,0.0,0.0,0.0,0.0,0.0,0.07,0.49
192,011190010,0.0,0.0,0.0,0.0,0.0,0.0,0.0,0.0,0.0,0.0,0.0,0.01,0.64
193,011190ROW,0.0,0.0,0.0,0.0,0.0,0.0,0.0,0.0,0.0,0.0,0.0,0.0,0.12
194,011200004,0.0,0.0,0.0,0.0,0.0,0.0,0.06,0.03,0.5,0.8,0.49,1.51,6.98
195,011160011,0.0,0.0,0.0,0.0,0.0,0.0,0.0,0.0,0.0,0.0,0.0,0.0,3.35
196,011150017,0.0,0.0,0.0,0.0,0.0,0.0,0.0,0.0,0.0,0.06,0.0,0.0,0.14
197,011233003,0.0,0.0,0.0,0.0,0.0,0.0,0.0,0.0,0.0,0.0,0.0,0.0,0.47
198,011140014,0.0,0.0,0.0,0.0,0.0,0.0,0.0,0.0,0.0,0.0,0.0,0.0,0.4
199,011140001,0.0,0.0,0.0,0.0,0.0,0.0,0.04,0.0,0.0,0.21,0.0,0.0,0.03
200,011140004,0.0,0.0,0.0,0.0,0.0,0.0,0.0,0.0,0.0,0.23,0.0,0.0,0.04
201,011140005,0.0,0.0,0.0,0.0,0.0,0.0,0.0,0.0,0.0,0.17,0.0,0.0,0.11
202,011140006,0.0,0.0,0.0,0.0,0.0,0.0,0.0,0.0,0.0,0.26,0.0,0.0,0.04
203,011140007,0.0,0.0,0.0,0.0,0.0,0.0,0.0,0.0,0.0,0.01,0.0,0.0,0.28
204,011140008,0.0,0.0,0.0,0.0,0.0,0.0,0.0,0.0,0.0,0.0,0.0,0.0,0.31
205,011140009,0.0,0.0,0.0,0.0,0.0,0.0,0.0,0.0,0.0,0.0,0.0,0.0,0.31
206,011140010,0.0,0.0,0.0,0.0,0.0,0.0,0.0,0.0,0.0,0.14,0.0,0.0,0.16
207,011140011,0.0,0.0,0.0,0.0,0.0,0.0,0.0,0.0,0.0,0.3,0.0,0.0,0.12
208,011150002,0.0,0.0,0.0,0.0,0.0,0.0,0.0,0.0,0.0,0.0,0.0,0.0,0.36
209,011150016,0.0,0.0,0.0,0.0,0.0,0.0,0.0,0.0,0.0,0.0,0.0,0.0,0.63
210,011150003,0.0,0.0,0.0,0.0,0.0,0.0,0.0,0.0,0.0,0.0,0.0,0.0,0.4
211,011150004,0.0,0.0,0.0,0.0,0.0,0.0,0.0,0.0,0.0,0.0,0.0,0.0,0.38
212,011150007,0.0,0.0,0.0,0.0,0.0,0.0,0.01,0.0,0.01,0.42,0.0,0.0,0.12
213,011150008,0.0,0.0,0.0,0.0,0.0,0.0,0.0,0.0,0.0,0.11,0.0,0.0,0.22
214,011150010,0.0,0.0,0.0,0.0,0.0,0.0,0.0,0.0,0.0,0.0,0.0,0.0,0.4
215,011150011,0.0,0.0,0.0,0.0,0.0,0.0,0.0,0.0,0.0,0.0,0.0,0.0,0.39
216,011150013,0.0,0.0,0.0,0.0,0.0,0.0,0.0,0.0,0.0,0.0,0.0,0.0,0.4
217,011150014,0.0,0.0,0.0,0.0,0.0,0.0,0.0,0.0,0.0,0.0,0.0,0.0,0.32
218,011150015,0.0,0.0,0.0,0.0,0.0,0.0,0.0,0.0,0.0,0.0,0.0,0.0,0.11
219,011200005,0.0,0.0,0.0,0.0,0.0,0.0,0.01,0.0,0.04,0.09,0.01,0.4,9.2
220,011200010,0.0,0.0,0.0,0.0,0.0,0.0,0.0,0.0,0.0,0.0,1.48,3.7,16.39
221,011200011,0.0,0.0,0.0,0.0,0.0,0.0,0.0,0.0,0.0,0.0,1.99,5.2,15.9
222,011232001,0.0,0.0,0.0,0.0,0.0,0.0,0.0,0.0,0.0,0.0,0.0,0.0,0.54
223,011224007,0.0,0.0,0.0,0.0,0.0,0.0,0.0,0.0,0.0,0.33,0.0,0.0,0.14
224,011224008,0.0,0.0,0.0,0.0,0.0,0.0,0.0,0.0,0.0,0.13,0.0,0.0,0.35
225,011230ROW,0.0,0.0,0.0,0.0,0.0,0.0,0.0,0.0,0.0,0.0,0.0,0.0,1.86
226,011231001,0.0,0.0,0.0,0.0,0.0,0.0,0.0,0.0,0.0,0.0,0.0,0.0,0.58
227,011231002,0.0,0.0,0.0,0.0,0.0,0.0,0.0,0.0,0.0,0.0,0.0,0.0,0.46
228,011231003,0.0,0.0,0.0,0.0,0.0,0.0,0.0,0.0,0.0,0.21,0.0,0.0,0.25
229,011231004,0.0,0.0,0.0,0.0,0.0,0.0,0.0,0.0,0.0,0.16,0.0,0.0,0.3
230,011231005,0.0,0.0,0.0,0.0,0.0,0.0,0.0,0.0,0.0,0.0,0.0,0.0,0.46
231,011231006,0.0,0.0,0.0,0.0,0.0,0.0,0.0,0.0,0.0,0.0,0.0,0.0,0.46
232,011232002,0.0,0.0,0.0,0.0,0.0,0.0,0.0,0.0,0.0,0.0,0.0,0.0,0.43
233,011200013,0.0,0.0,0.0,0.0,0.0,0.0,0.0,0.0,0.1,0.48,0.55,4.36,14.05
234,011232003,0.0,0.0,0.0,0.0,0.0,0.0,0.0,0.0,0.0,0.0,0.0,0.0,0.86
235,011232004,0.0,0.0,0.0,0.0,0.0,0.0,0.0,0.0,0.0,0.0,0.0,0.0,0.6
236,011232005,0.0,0.0,0.0,0.0,0.0,0.0,0.0,0.0,0.0,0.0,0.0,0.0,0.56
237,011232006,0.0,0.0,0.0,0.0,0.0,0.0,0.0,0.0,0.0,0.0,0.0,0.0,0.68
238,011232007,0.0,0.0,0.0,0.0,0.0,0.0,0.0,0.0,0.0,0.0,0.0,0.0,0.6
239,011232008,0.0,0.0,0.0,0.0,0.0,0.0,0.0,0.0,0.0,0.0,0.0,0.0,0.59
240,011232009,0.0,0.0,0.0,0.0,0.0,0.0,0.0,0.0,0.0,0.0,0.0,0.0,0.59
241,011233001,0.0,0.0,0.0,0.0,0.0,0.0,0.0,0.0,0.0,0.0,0.0,0.0,0.54
242,011233002,0.0,0.0,0.0,0.0,0.0,0.0,0.0,0.0,0.0,0.0,0.0,0.0,0.49
243,011224006,0.0,0.0,0.0,0.0,0.0,0.0,0.0,0.0,0.0,0.25,0.0,0.0,0.22
244,011224005,0.0,0.0,0.0,0.0,0.0,0.0,0.0,0.0,0.0,0.06,0.0,0.0,0.4
245,011224004,0.0,0.0,0.0,0.0,0.0,0.0,0.0,0.0,0.0,0.02,0.0,0.0,0.62
246,011224003,0.0,0.0,0.0,0.0,0.0,0.0,0.0,0.0,0.0,0.0,0.0,0.0,0.45
247,011200014,0.0,0.0,0.0,0.0,0.0,0.0,0.0,0.0,0.02,0.01,0.28,7.28,14.82
248,011200015,0.0,0.0,0.0,0.0,0.0,0.0,0.0,0.33,0.54,0.46,2.25,6.25,10.32
249,011200016,0.0,0.0,0.0,0.0,0.0,0.0,0.0,0.3,0.05,0.11,3.08,5.47,11.81
250,011210014,0.0,0.0,0.0,0.0,0.0,0.0,0.01,0.0,0.0,0.93,0.0,0.0,2.67
251,011210015,0.0,0.0,0.0,0.0,0.0,0.0,0.27,0.0,0.0,1.34,0.0,0.0,1.2
252,011210016,0.0,0.0,0.0,0.0,0.0,0.0,0.66,0.0,0.0,1.53,0.0,0.0,0.83
253,011210019,0.0,0.0,0.0,0.0,0.0,0.0,0.27,0.0,0.0,1.12,0.0,0.0,1.83
254,011210020,0.0,0.0,0.0,0.0,0.0,0.0,0.0,0.0,0.0,0.43,0.0,0.01,2.79
255,011222005,0.0,0.0,0.0,0.0,0.0,0.0,0.23,0.0,0.0,0.03,0.0,0.0,0.17
256,011222007,0.0,0.0,0.0,0.0,0.0,0.0,0.27,0.0,0.0,0.19,0.0,0.0,0.0
257,011222008,0.0,0.0,0.0,0.0,0.0,0.02,0.36,0.0,0.01,0.07,0.0,0.0,0.02
258,011222014,0.0,0.0,0.0,0.0,0.05,0.08,0.21,0.0,0.02,0.24,0.0,0.01,0.11
259,011223003,0.0,0.0,0.0,0.0,0.0,0.0,0.0,0.0,0.0,0.1,0.0,0.0,0.32
260,011223004,0.0,0.0,0.0,0.0,0.0,0.0,0.0,0.0,0.0,0.05,0.0,0.0,0.37
261,011223005,0.0,0.0,0.0,0.0,0.0,0.0,0.0,0.0,0.0,0.0,0.0,0.0,0.41
262,011223006,0.0,0.0,0.0,0.0,0.0,0.0,0.0,0.0,0.0,0.0,0.0,0.0,0.42
263,011223007,0.0,0.0,0.0,0.0,0.0,0.0,0.0,0.0,0.0,0.0,0.0,0.0,0.46
264,011224001,0.0,0.0,0.0,0.0,0.0,0.0,0.0,0.0,0.0,0.0,0.0,0.0,0.42
265,011224002,0.0,0.0,0.0,0.0,0.0,0.0,0.0,0.0,0.0,0.0,0.0,0.0,0.42
266,011290ROW,0.0,0.0,0.0,0.0,0.0,0.0,0.0,0.0,0.0,0.0,0.0,0.03,1.62
